Property,RMSE,Bias,r
chlorophyll,3.92118657486672,3.2543041382854065,-0.6618613196537069
density,0.3026098811866762,0.13266145665716067,0.884665279621182
oxygen,0.8003924382118242,0.6430211824934933,0.40222086686863523
salinity,0.1464942974974963,-0.13614360745403076,0.9306792051940739
temperature,1.5161891553088322,-1.166813931942908,0.9448251875086046
